task_name,model_provider,model,response
summarize_intro,openai,o1-preview,"In the introduction to his ""History of Philosophy,"" A.C. Grayling examines how the history of philosophy is a selective reconstruction from the broader stream of human thought, crafted to provide antecedents for the philosophical concerns of today. He notes that historically, the terms 'philosophy' and 'philosopher' had broader meanings; 'philosophy' encompassed all forms of rational inquiry, including what we now term 'science.' It wasn't until the word 'scientist' was coined in 1833 that 'philosophy' and 'science' began to diverge into the distinct disciplines we recognize now.

Grayling outlines the principal areas of contemporary philosophical inquiry: epistemology (the theory of knowledge), metaphysics (the nature of reality and existence), logic (the science of valid reasoning), ethics (the study of moral concepts and theories), aesthetics (the exploration of art and beauty), philosophy of mind (the nature of mental phenomena and consciousness), philosophy of language (how meaning is conveyed and understood), and political philosophy (principles of social and political organization). He emphasizes that understanding the historical debates within these fields is essential, as it prevents the redundancy of ""reinventing the wheel,"" allows us to learn from past insights, and aids in framing the right questions for current and future exploration.

Furthermore, Grayling discusses the role of philosophy in examining the assumptions and methods of other disciplines, such as science and history, highlighting its foundational place in the quest for knowledge across fields. He portrays philosophy as humanity's endeavor to make sense of the world, especially in areas shrouded in doubt and ignorance, likening it to patrolling the frontier of human understanding and striving to ask the right questions.

Importantly, Grayling distinguishes philosophy from theology. While acknowledging that philosophical questions sometimes touch upon concepts of the divine, he asserts that philosophy is fundamentally about seeking understanding based on reason and evidence, rather than exploring doctrines accepted on faith. Consequently, his history focuses on philosophical thought rather than theological discourse, excluding detailed considerations of theologians like Augustine or Aquinas. Grayling concludes by affirming the enduring significance of philosophical inquiry, noting that even seemingly insurmountable difficulties illuminate our understanding and drive the continuous evolution of thought."
summarize_intro,openai,o1-preview,"In the introduction to his ""History of Philosophy,"" A. C. Grayling discusses how the history of philosophy is a retrospective construct shaped by contemporary philosophical interests. He explains that the term 'philosophy' has evolved over time. Originally encompassing all forms of rational inquiry, it was synonymous with what we now call 'science' until the 19th century. With the coining of the word 'scientist' in 1833, philosophy and science began to diverge, leading to the modern delineation of disciplines.

Grayling outlines the principal areas of contemporary philosophical inquiry: epistemology (the theory of knowledge), metaphysics (the nature of reality), logic (the principles of valid reasoning), ethics (the study of moral values), aesthetics (the nature of art and beauty), philosophy of mind (the nature of consciousness), philosophy of language (how language relates to thought and reality), and political philosophy (the principles of social organization). He emphasizes that these fields determine which ideas from the past are considered part of the history of philosophy today, often excluding developments in science and technology.

He argues that understanding the historical development of these areas is crucial for engaging with current philosophical debates. Philosophy serves as an ongoing conversation across time, helping us avoid repeating past mistakes and building upon previous insights. Grayling likens philosophy to patrolling the frontiers of knowledge, striving to ask the right questions in areas where uncertainty prevails.

The introduction also distinguishes philosophy from theology. While philosophy seeks to make sense of the world through questioning and reasoning about what we should think and why, theology begins with established religious doctrines about deities. Grayling asserts that theological discussions, though they involve profound ideas, fall outside the scope of philosophical inquiry as he defines it. Therefore, his history focuses on philosophical thought rather than theological discourse.

In summary, Grayling sets the stage for a history of philosophy that traces the evolution of fundamental questions and ideas, primarily within the Western tradition but also acknowledging contributions from non-Western philosophies. He highlights philosophy's role in fostering critical thinking and expanding our understanding of ourselves and our place in the universe, underscoring the enduring relevance of philosophical exploration."
summarize_intro,openai,o1-preview,"In the introduction to his ""History of Philosophy,"" A. C. Grayling explores how the history of philosophy, as understood by contemporary students and scholars, is a selective construct derived from the broader history of ideas. This selection is shaped by the concerns and interests of modern philosophy, which retrospectively identifies its antecedents within a vast intellectual tradition. Grayling notes that the terms 'philosophy' and 'philosopher' have evolved significantly over time. Historically, 'philosophy' referred to rational inquiry in general, encompassing what we now distinguish as science. From the Renaissance until the nineteenth century, philosophy was particularly associated with the natural sciences, with practitioners investigating a wide array of subjects. It wasn't until the term 'scientist' was coined in 1833 that 'philosophy' and 'science' began to diverge into the distinct disciplines they are today.

Grayling outlines the principal areas of contemporary philosophical inquiry: epistemology, metaphysics, logic, ethics, aesthetics, philosophy of mind, philosophy of language, political philosophy, the history of debates in these fields, and the philosophical examination of other disciplines like science and social science. These areas not only define current philosophical pursuits but also serve as lenses through which the history of philosophy is viewed and taught, often excluding histories of technology, astronomy, biology, and other sciences from antiquity onward.

He delves into each area, explaining their fundamental questions and significance. Epistemology examines the nature of knowledge, belief, and justification, addressing how we acquire knowledge and respond to skepticism. Metaphysics explores the nature of reality and existence, questioning what kinds of things exist and the nature of being itself. Logic, considered the tool of philosophy, is the science of valid reasoning, essential across all philosophical disciplines. Ethics investigates concepts of good and evil, right and wrong, distinguishing between 'ethics'—derived from the Greek 'ethos' meaning character—and 'morals'—from the Latin 'mos' meaning custom—highlighting the difference between personal character and societal norms.

Aesthetics considers the nature of art and beauty, questioning whether beauty is an objective property or a subjective experience, and what constitutes aesthetic value. Philosophy of mind addresses mental phenomena and consciousness, increasingly significant as reality is often understood in material terms, making the understanding of consciousness a profound challenge. Philosophy of language examines how meaning is constructed and communicated, and how language relates to thought and reality, often linking closely with philosophy of mind.

Political philosophy explores the principles underlying social and political organization, legitimacy of governments, and the justification of different political systems. Grayling emphasizes that understanding the historical evolution of these fields is crucial, as philosophy is essentially an ongoing conversation across time, helping us avoid past mistakes and build upon previous insights.

Importantly, Grayling distinguishes philosophy from theology, choosing not to include theological discussions in his history. He asserts that philosophy seeks to understand the world through rational inquiry and evidence, while theology begins with accepted doctrines about deities. Thus, including theological perspectives without equally addressing other religious traditions would be inconsistent, and theology's focus on divine matters sets it apart from the broader scope of philosophical inquiry.

Grayling concludes by framing philosophy as humanity's attempt to make sense of the world, especially in areas filled with doubt and ignorance. Philosophy operates at the frontiers of knowledge, often giving birth to new disciplines like science, psychology, and sociology when the right questions are asked. Despite progress, core philosophical questions in epistemology, metaphysics, ethics, and other areas remain pressing and unresolved. Quoting Paul Valéry, he reflects on the value of engaging with difficult problems: ""A difficulty is a light. An insurmountable difficulty is a sun."" This emphasizes that striving to solve profound challenges is itself enlightening.

The introduction sets the stage for a history that focuses primarily on Western philosophy while acknowledging and briefly exploring Indian, Chinese, and Arabic–Persian philosophical traditions. Grayling's approach underscores the significance of philosophy in advancing human understanding and the enduring importance of its central questions."
summarize_intro,openai,o1-preview,"In the introduction to his ""History of Philosophy,"" A.C. Grayling explores how the history of philosophy, as understood by modern scholars and students, is a selective construction drawn from the broader stream of intellectual history. This selection is guided by contemporary philosophical interests, which shape which past ideas are considered philosophically significant today. Grayling notes that the terms ""philosophy"" and ""philosopher"" have evolved over time. Historically, ""philosophy"" referred broadly to rational inquiry and encompassed what we now distinguish as science. It was only after the term ""scientist"" was coined in 1833 that ""science"" and ""philosophy"" began to diverge into distinct fields, with science focusing on specialized, technical investigations and philosophy concentrating on fundamental questions about knowledge, reality, and existence.

Grayling outlines the principal areas of contemporary philosophy, including epistemology (the study of knowledge), metaphysics (the nature of reality), logic (the principles of valid reasoning), ethics (the study of moral concepts and values), aesthetics (the exploration of art and beauty), philosophy of mind (the nature of consciousness and mental phenomena), philosophy of language (how meaning is conveyed through language), and political philosophy (principles of social organization and governance). He emphasizes that understanding these branches is essential to grasping how the history of philosophy has been shaped and why certain ideas have been included or excluded from it.

He discusses how philosophy serves as a foundation for other fields by critically examining their assumptions, methods, and claims. For instance, philosophical questions about science involve debates over realism versus instrumentalism, the nature of scientific reasoning, and the status of scientific knowledge. Similarly, philosophical inquiries into history probe the nature of historical knowledge and the challenges posed by interpreting incomplete or fragmentary evidence.

Grayling highlights philosophy's role in pushing the boundaries of human understanding by addressing areas of doubt and difficulty. He likens philosophy to patrolling the frontiers of knowledge, formulating the right questions to expand our comprehension of the world. Throughout history, philosophy has given rise to various disciplines, including the natural sciences, psychology, sociology, linguistics, and contributions to artificial intelligence and cognitive science. Despite these developments, core philosophical questions remain persistent and urgent, inviting continual exploration and debate.

A significant point Grayling makes is the deliberate exclusion of theology from his history of philosophy. He argues that philosophy and theology are fundamentally different enterprises: philosophy seeks to make sense of ourselves and the world through reasoned inquiry, while theology is concerned with exploring doctrines about deities. Including theological thought would not only blur this distinction but also unfairly privilege Christian theologians over those from other religious traditions. Grayling maintains that while philosophers may consider the existence of supernatural entities, philosophy does not begin with the acceptance of religious doctrine but instead critically examines such claims.

In his work, Grayling focuses primarily on Western philosophy but also provides overviews of Indian, Chinese, and Arabic-Persian philosophical traditions to acknowledge their contributions and highlight connections and differences. He concentrates on the main figures and ideas that have shaped philosophical thought, recognizing that while not all questions may find definitive answers, the pursuit itself leads to greater understanding. Quoting Paul Valéry, he reflects on how confronting insurmountable difficulties can illuminate our thinking, suggesting that the very effort to grapple with profound questions is a central aspect of the philosophical endeavor."
summarize_intro,openai,o1-preview,"The history of philosophy is a carefully constructed narrative that traces the evolution of ideas leading up to contemporary philosophical thought. Historically, the terms ""philosophy"" and ""philosopher"" encompassed a broad spectrum of rational inquiry. For much of history, ""philosophy"" signified all forms of rational investigation, including what we now distinguish as ""science."" Philosophers were individuals who explored a wide array of subjects, seeking to understand the natural world, human existence, and everything in between. It wasn't until the term ""scientist"" was coined in 1833 that ""philosophy"" and ""science"" began to diverge into distinct disciplines with their current specialized meanings.

In modern times, philosophy has crystallized into several core areas of inquiry: epistemology, metaphysics, logic, ethics, aesthetics, philosophy of mind, philosophy of language, and political philosophy. Epistemology delves into the nature of knowledge, questioning how we know what we know and examining the differences between knowledge, belief, and opinion. Metaphysics explores the fundamental nature of reality and existence, posing questions about what truly exists, the nature of being, and the possibility of free will in a seemingly determined universe. Logic serves as the backbone of philosophical reasoning, providing the tools for valid and sound argumentation.

Ethics investigates the concepts of good and evil, right and wrong, and moral responsibility, distinguishing between the character-focused ethos and the action-guided morals. Aesthetics examines the nature of art and beauty, questioning whether beauty is an objective quality or a subjective experience, and exploring the value of both natural and human-made creations. The philosophy of mind focuses on understanding consciousness and mental phenomena, especially significant as the materialist view of reality gains prominence, prompting deeper inquiry into how mental states arise from physical processes.

The philosophy of language analyzes how we attach meaning to words and symbols, facilitating communication and thought. It raises questions about the nature of meaning itself, the relationship between language and reality, and how we understand each other's expressions in a world of diverse linguistic practices. Political philosophy contemplates the principles underlying social organization and governance, seeking to justify systems of authority and explore the virtues and flaws of various political structures like democracy, communism, and monarchy.

Understanding the history of these philosophical inquiries is essential because it allows us to engage with the ""great conversation"" that spans centuries of thought. By studying the evolution of ideas and arguments, we learn from past insights, avoid repeating errors, and build upon the foundational work of previous thinkers. Philosophy's role is to make sense of our world by asking profound questions, often venturing into areas not yet illuminated by other disciplines. It acts as a patrol along the boundaries of human knowledge, striving to expand our understanding in the face of doubt and uncertainty.

Throughout history, philosophy has given rise to numerous fields of study. By formulating the right questions, it has been instrumental in the development of natural sciences during the Renaissance, psychology in the eighteenth century, sociology and empirical linguistics in the nineteenth century, and contributions to artificial intelligence and cognitive science in the twentieth century. Despite these expansions, core philosophical questions in epistemology, metaphysics, ethics, and political philosophy remain ever pertinent, driving the continuous quest for wisdom.

This exploration of philosophy focuses primarily on the Western tradition while acknowledging the rich contributions of Indian, Chinese, Arabic-Persian, and African philosophical thought. Notably, it distinguishes philosophy from theology and religion. While theological doctrines have historically intertwined with philosophical discourse, this account deliberately refrains from delving into the theological works of figures like Augustine or Aquinas. Philosophy seeks to understand the world through reason and critical inquiry, asking what we should think and why, without presupposing religious doctrines. In contrast, theology begins with accepted beliefs about divine entities and works to explain and interpret those beliefs.

By maintaining this distinction, we honor philosophy's commitment to questioning and exploring the unknown. As philosopher Paul Valéry eloquently stated, ""A difficulty is a light. An insurmountable difficulty is a sun."" This perspective celebrates the challenges that drive philosophical inquiry, recognizing that even seemingly unsolvable problems illuminate new pathways of understanding. Philosophy, therefore, remains a dynamic and essential endeavor, continually pushing the boundaries of human thought and illuminating the complexities of existence."
summarize_intro,openai,o1-preview,"In the introduction to his ""History of Philosophy,"" A.C. Grayling explores how the history of philosophy is a selective narrative shaped by contemporary philosophical interests. He notes that the terms 'philosophy' and 'philosopher' have evolved over time. Historically, 'philosophy' encompassed all forms of rational inquiry and was synonymous with what we now call 'science' until the term 'scientist' was coined in 1833. This shift allowed 'philosophy' to focus more narrowly on areas that are central to today's philosophical studies.

Grayling outlines the principal areas of contemporary philosophy: epistemology (the theory of knowledge), metaphysics (the nature of reality and existence), logic (the science of valid reasoning), ethics (the study of moral concepts and actions), aesthetics (the study of art and beauty), philosophy of mind (the nature of mental phenomena and consciousness), philosophy of language (how meaning is conveyed through language), and political philosophy (the principles of social and political organization). These areas, along with the philosophical examination of other disciplines like science and history, form the core of philosophical inquiry and determine which historical ideas are considered relevant.

He emphasizes the importance of understanding the history of these philosophical areas, likening it to knowing case law in legal studies; it prevents the reinvention of ideas and builds upon the insights of past thinkers. Philosophy, in Grayling's view, is the endeavor to make sense of ourselves and the world, especially in areas fraught with doubt and ignorance. It's akin to patrolling the perimeter of human knowledge, constantly pushing the boundaries by asking the right questions, even those that seem insurmountable.

Notably, Grayling distinguishes philosophy from theology. He argues that while philosophy is about questioning and understanding, theology starts with accepted doctrines about deities and is thus a different kind of inquiry. Therefore, his history of philosophy deliberately excludes theological figures like Augustine and Aquinas, focusing instead on philosophical thought that does not presuppose religious doctrines.

Grayling also acknowledges the breadth of philosophical traditions, stating that while his work primarily covers Western philosophy, it will include overviews of Indian, Chinese, Arabic–Persian philosophies, and considerations of philosophy in Africa. This inclusion highlights the connections and differences among global philosophical traditions.

In essence, Grayling's introduction sets up a history of philosophy that is anchored in its key areas of inquiry and is relevant to contemporary philosophical discourse. He underscores the enduring quest of philosophy to expand human understanding by tackling profound questions about knowledge, reality, and existence, reinforcing its significant role in the evolution of human thought."
summarize_intro,openai,o1-preview,"In the introduction to his ""History of Philosophy,"" A.C. Grayling explores how the understanding of philosophy and its history has evolved over time. He notes that what we consider the history of philosophy today is a selective construct, chosen from the wider stream of human thought to address contemporary philosophical concerns. Historically, the term ""philosophy"" encompassed all forms of rational inquiry and was synonymous with what we now call science; it wasn't until the 19th century, with the coining of the word ""scientist,"" that a clear distinction emerged between science and philosophy. Grayling outlines the principal areas of modern philosophical inquiry—epistemology, metaphysics, logic, ethics, aesthetics, philosophy of mind, philosophy of language, and political philosophy—highlighting how these fields shape our understanding of philosophy's past by determining which ideas are included in its history. He emphasizes that philosophy is fundamentally about making sense of the world by asking the right questions, especially in areas where doubt and ignorance prevail. Unlike theology, which begins with accepted doctrines about deities, philosophy seeks to understand reality through reasoned inquiry without presupposed beliefs. Grayling clarifies that his work focuses on philosophy rather than theology, primarily tracing the development of Western philosophical thought while acknowledging contributions from Indian, Chinese, and Arabic-Persian traditions. By doing so, he sets out to show how current philosophical disciplines have been shaped by historical debates and ideas, underscoring the enduring quest to understand ourselves and our place in the universe."
summarize_intro,openai,o1-preview,"In the introduction to his ""History of Philosophy,"" A. C. Grayling explores how the history of philosophy is a selective construct, chosen from the broader stream of ideas to provide context for contemporary philosophical concerns. He highlights that the terms ""philosophy"" and ""philosopher"" have evolved over time. Historically, ""philosophy"" encompassed all rational inquiry and was synonymous with what we now call ""science."" Until the 19th century, a philosopher could be someone investigating any aspect of the natural world or human thought. The coining of the word ""scientist"" in 1833 marked a pivotal shift, leading to the modern distinction between science and philosophy, with the former branching off due to increasing specialization and technicality.

Grayling outlines the principal areas of contemporary philosophy: epistemology, metaphysics, logic, ethics, aesthetics, philosophy of mind, philosophy of language, political philosophy, and the philosophical examination of other fields like science and social science. These disciplines shape our understanding of philosophy's history by focusing on ideas that are relevant to current philosophical debates, often leaving aside developments in fields like technology, biology, or astronomy unless they intersect with philosophical inquiry.

He delves into each area, starting with epistemology, which investigates the nature of knowledge, belief, and justification, addressing how we discern true knowledge from mere opinion and responding to skepticism. Metaphysics examines the fundamental nature of reality and existence, questioning what kinds of things exist and their essential properties. Logic serves as the tool for valid reasoning within philosophy, akin to mathematics in science. Ethics, particularly metaethics, explores the concepts of good, right, and moral reasoning, distinguishing between ethics (character-focused) and morals (action-focused), rooted in their Greek and Latin etymologies, respectively.

Aesthetics considers questions about art and beauty, pondering whether beauty is an objective feature or a subjective experience, and the value of natural versus man-made objects. The philosophy of mind investigates consciousness and mental phenomena, often intersecting with metaphysics, especially as debates center on whether reality is solely material or includes mental aspects. The philosophy of language examines how meaning is constructed and communicated, exploring semantics, interpretation, and the relationship between language and thought. Grayling notes the increasing convergence of the philosophies of mind and language due to their intertwined nature.

Political philosophy addresses the principles underlying social and political organization, legitimacy of governments, and the merits of different systems like democracy or communism. Grayling emphasizes that understanding the historical context of these philosophical areas is essential, as it prevents redundant efforts, helps avoid past mistakes, and builds upon previous insights to frame better questions.

He underscores the role of philosophy in critically examining the assumptions and methods of other fields, such as science and history. Philosophical inquiry questions whether scientific theories are truly reflective of reality or are instrumental constructs, and whether historical knowledge is attainable or merely interpretative reconstruction due to incomplete evidence.

Throughout the introduction, Grayling portrays philosophy as the endeavor to make sense of ourselves and the world amidst uncertainty and ignorance. He likens humanity to occupying a patch of light surrounded by darkness, with philosophy patrolling the edges, seeking to expand our understanding. Historically, philosophy has given rise to various sciences and disciplines by asking the right questions, highlighting its foundational role in intellectual progress.

Importantly, Grayling distinguishes philosophy from theology, arguing that while philosophy seeks to understand what we should think and why, theology begins with accepted doctrines about deities and works outward. Consequently, his history focuses on philosophical thought rather than theological discourse, emphasizing that the inclusion of theology would necessitate covering a broad spectrum of religious thought beyond Christian theology, which falls outside the scope of his philosophical narrative.

In concluding the introduction, Grayling reflects on the enduring and essential nature of philosophical questions. Even when answers seem unattainable, the pursuit itself is valuable, enriching our understanding and contributing to the ""great adventure"" of human thought. He invokes Paul Valéry's sentiment that insurmountable difficulties illuminate our path like the sun, suggesting that philosophy's challenges, though daunting, are profoundly enlightening."
summarize_intro,openai,o1-preview,"In his introduction to the ""History of Philosophy,"" A. C. Grayling emphasizes that the way we perceive the history of philosophy today is a selective construct, shaped to trace the roots of our current philosophical concerns within the broader stream of intellectual history. He notes that the meanings of the words 'philosophy' and 'philosopher' have evolved significantly over time. Originally, 'philosophy' encompassed all forms of rational inquiry, and during the Renaissance up to the nineteenth century, it was more specifically associated with what we now call 'science'. Terms like 'natural philosophy' referred to scientific pursuits, while 'moral philosophy' denoted what we understand as philosophy today. It wasn't until the word 'scientist' was coined in 1833 that 'science' and 'philosophy' began to diverge into distinct disciplines, with science becoming increasingly specialized and technical.

Grayling outlines the main areas of contemporary philosophy: epistemology (the study of knowledge), metaphysics (the study of reality and existence), logic (the science of valid reasoning), ethics (the study of moral concepts and theories), aesthetics (the study of art and beauty), philosophy of mind (the study of mental phenomena and consciousness), philosophy of language (the study of meaning and communication), and political philosophy (the study of social and political organization). He emphasizes that these areas are interrelated and that understanding their development over time is crucial to grasping the evolution of philosophical thought. By examining the history of these specific inquiries, we avoid reinventing the wheel and can build upon the insights of past thinkers.

Furthermore, Grayling discusses the role of philosophy in examining the assumptions and methodologies of other fields, such as science and history. He illustrates how philosophical questioning has been instrumental in the birth and development of various disciplines: philosophy gave rise to science in the sixteenth and seventeenth centuries, psychology in the eighteenth, sociology and empirical linguistics in the nineteenth, and contributed to artificial intelligence and cognitive science in the twentieth century. Despite these developments, core philosophical questions remain perennial and urgent, driving the human endeavor to understand ourselves and our place in the universe.

An important distinction Grayling makes is between philosophy and theology. He argues that while philosophy seeks to make sense of ourselves and the world by questioning what we should think and why, theology starts from the acceptance of religious doctrines and focuses on exploring ideas about deities. Consequently, his history of philosophy deliberately excludes theological discussions, such as those of Augustine and Aquinas, as they belong to the history of theology rather than philosophy. By maintaining this distinction, Grayling aims to present a history that reflects philosophy's true scope—an expansive, critical inquiry into fundamental questions—without conflating it with religious thought.

In conclusion, Grayling's introduction sets the stage for a comprehensive exploration of philosophy's evolution, focusing on how the subject has been shaped by and continues to shape our quest for knowledge and understanding. He acknowledges the significant contributions of non-Western traditions, while primarily detailing the Western philosophical canon. Through this approach, he highlights philosophy's enduring relevance and its critical role in expanding the horizons of human thought."
summarize_intro,openai,o1-preview,"In the introduction to his ""History of Philosophy,"" A. C. Grayling embarks on an exploration of philosophy as it is understood in contemporary times, acknowledging that our perception of its history is shaped by present-day concerns. He notes that throughout most of history, the term 'philosophy' encompassed rational inquiry in general, including what we now classify as science. It wasn't until the 19th century, following the coinage of the term 'scientist' in 1833, that a clear distinction emerged between philosophy and science, leading to the specialized fields of philosophical inquiry recognized today.

Grayling outlines these principal areas of philosophy, which include epistemology (the study of knowledge and belief), metaphysics (the nature of reality and existence), logic (the framework of valid reasoning), ethics (both the theoretical exploration of moral concepts and the normative guidance on right action), aesthetics (the study of art and beauty), philosophy of mind (investigation into consciousness and mental phenomena), philosophy of language (the nature of meaning and communication), and political philosophy (principles of social and political organization). He emphasizes that understanding these areas requires a retrospective view through the lens of contemporary philosophy to appreciate how they have evolved over time. This backward glance reveals a ""great conversation"" across centuries, where thinkers have engaged with fundamental questions that remain relevant.

Furthermore, Grayling underscores philosophy's role in seeking to make sense of human existence by tackling areas fraught with doubt, difficulty, and ignorance. He likens philosophy to a patrol along the circumference of human knowledge, always striving to push the boundaries of understanding. Historically, philosophy has given rise to various disciplines—science, psychology, sociology, linguistics, and more—yet foundational philosophical questions persist, particularly in epistemology, metaphysics, and ethics. These enduring inquiries reflect philosophy's unyielding quest to understand the self and the universe.

Notably, Grayling distinguishes philosophy from theology. While philosophy critically examines our beliefs by asking what we should think and why theology begins with doctrinal acceptance of a deity or deities and builds upon that foundation. He argues that including theological discourse, particularly Christian theology, in the history of philosophy is unjustified without equally considering Jewish or Islamic theology, and that theology's methods and starting points differ fundamentally from philosophical inquiry. Consequently, his history focuses on philosophical thought independent of theological doctrines, providing a narrative that primarily traces the evolution of Western philosophy while also offering overviews of Indian, Chinese, and Arabic–Persian philosophies to highlight connections and differences among these traditions.

In concluding his introduction, Grayling highlights the importance of engaging with philosophical difficulties, even those that seem insurmountable. He invokes Paul Valéry's notion that an insurmountable difficulty is like a sun, illuminating our understanding through the very effort of grappling with it. Thus, his history of philosophy is not merely a chronicle of past ideas but an invitation to participate in the ongoing adventure of human thought, addressing perennial questions that continue to shape our worldview."
summarize_intro,openai,o1-preview,"In the introduction to his ""History of Philosophy,"" A. C. Grayling emphasizes that our understanding of philosophy's history is a retrospective construction, selectively drawn from the broader stream of ideas to illuminate the antecedents of contemporary philosophical concerns. He notes that the terms ""philosophy"" and ""philosopher"" have evolved over time. Historically, ""philosophy"" encompassed all forms of rational inquiry, including what we now classify as science. It was only after the term ""scientist"" was coined in 1833 that philosophy and science began to diverge into distinct disciplines. This shift led to the modern delineation of philosophy into areas such as epistemology, metaphysics, logic, ethics, aesthetics, philosophy of mind, philosophy of language, and political philosophy. These fields not only shape today's philosophical inquiries but also determine which historical ideas are considered part of philosophy's lineage.

Grayling underscores the importance of studying the history of philosophy to avoid redundancy, learn from previous insights, and frame the right questions for ongoing exploration. He likens philosophy to patrolling the perimeters of a patch of light surrounded by darkness, tirelessly pushing the boundaries of understanding in areas where ignorance prevails. Through this metaphor, he illustrates philosophy's role in addressing fundamental questions that remain unresolved despite the advancement of specialized disciplines like science, psychology, and sociology—fields that themselves emerged from philosophical inquiry.

A significant point Grayling makes is distinguishing philosophy from theology. He asserts that while philosophy seeks to make sense of the world through critical questioning and reasoning, theology starts from accepting religious doctrines and focuses on explicating ideas about deities. Therefore, his history of philosophy intentionally excludes theological discussions, including the works of Christian theologians like Augustine and Aquinas, to maintain a clear demarcation between philosophical and theological pursuits. He argues that including only certain religious perspectives would be inconsistent, and that theology, with its foundational premises rooted in faith, does not align with philosophy's commitment to questioning and evidence-based reasoning.

Finally, Grayling acknowledges that while his work primarily chronicles Western philosophy, he also provides overviews of Indian, Chinese, and Arabic–Persian philosophical traditions. By doing so, he aims to offer a more comprehensive view of how different cultures have grappled with similar fundamental questions. His focus remains on tracing the evolution of philosophical thought, highlighting the main figures and ideas that have shaped the field, and emphasizing the enduring relevance of philosophy in our quest to understand ourselves and the world around us."
summarize_intro,openai,o1-preview,"In the introduction to his ""History of Philosophy,"" A. C. Grayling explains that our contemporary understanding of philosophy's history is a selective construction, drawn from the vast expanse of the history of ideas to address current philosophical concerns. Historically, the term 'philosophy' encompassed all forms of rational inquiry, including what we now classify as science. It wasn't until the term 'scientist' was coined in 1833 that 'philosophy' and 'science' began to take on their modern, distinct meanings. Grayling outlines the principal areas of contemporary philosophical inquiry—epistemology, metaphysics, logic, ethics, aesthetics, philosophy of mind, philosophy of language, and political philosophy—as well as the philosophical examination of other disciplines. These fields shape which aspects of the history of ideas we now consider part of the history of philosophy.

He emphasizes that metaphysics and epistemology are central to philosophical inquiry, serving as the foundation for understanding other areas. Logic is highlighted as the essential tool of philosophy, much like mathematics is for science. Grayling elaborates on each branch, discussing their fundamental questions and how they contribute to our understanding of knowledge, reality, reasoning, values, consciousness, language, and societal organization.

The importance of studying the history of philosophy is underscored as essential for engaging in the ongoing ""great conversation"" across time. By learning from past thinkers, we avoid repeating mistakes, build upon previous insights, and refine our questions and theories. Philosophy is depicted as patrolling the frontiers of human understanding, striving to make sense of areas where uncertainty and ignorance persist.

Grayling also distinguishes philosophy from theology, arguing that while philosophy seeks to understand the world through questioning and reasoning, theology begins with the acceptance of religious doctrines and explores ideas about deities. As such, his history focuses on philosophical thought and excludes theological perspectives, including those of early Christian and medieval thinkers like Augustine and Aquinas. The work primarily traces the development of Western philosophy but acknowledges and provides overviews of Indian, Chinese, and Arabic-Persian philosophical traditions to highlight connections and differences among these rich intellectual legacies."
summarize_intro,openai,o1-preview,"In the introduction to his ""History of Philosophy,"" A.C. Grayling explores how the history of philosophy is a selective construction, drawn from the broader stream of ideas to trace the roots of contemporary philosophical concerns. He notes that historically, the terms 'philosophy' and 'philosopher' were much broader in meaning. For much of history, 'philosophy' encompassed all rational inquiry, and a 'philosopher' was someone who investigated a wide range of subjects. From the Renaissance until the nineteenth century, 'philosophy' often referred specifically to what we now call 'science,' with distinctions made between 'natural philosophy' (science) and 'moral philosophy' (philosophy as understood today). The term 'scientist' was only coined in 1833, marking a shift where science began to diverge from philosophy due to increasing specialization and technicality.

Grayling outlines the principal areas of contemporary philosophy, which include epistemology (the theory of knowledge), metaphysics (the nature of reality and existence), logic (the science of valid reasoning), ethics (the study of moral concepts and theories), aesthetics (the study of art and beauty), philosophy of mind (the nature of mental phenomena and consciousness), philosophy of language (how meaning is attached to language), and political philosophy (principles of social and political organization). These areas not only define current philosophical inquiry but also shape how we retrospectively construct the history of philosophy, often excluding the histories of fields like technology, astronomy, and biology.

He emphasizes that understanding these branches requires looking backward through their evolution, which prevents us from reinventing the wheel and allows us to build upon the insights of past thinkers. Philosophy also critically examines the assumptions, methods, and claims of other fields, such as science and history, by asking foundational questions about their nature and methodologies. For instance, in the philosophy of science, questions arise about the reality of scientific entities, the nature of scientific reasoning, and the status of scientific knowledge. In the philosophy of history, debates focus on the nature of historical truth and the possibility of knowing the past.

Grayling likens the role of philosophy to patrolling the circumference of a patch of light that represents human knowledge amidst a vast darkness of ignorance. While specialized disciplines focus on specific arcs of this circle, philosophy traverses the entire perimeter, formulating the right questions to push the boundaries of understanding. He underscores the importance of asking the right questions, suggesting that even when answers seem elusive, the pursuit itself illuminates our comprehension. This is encapsulated in the quote he cites: ""A difficulty is a light. An insurmountable difficulty is a sun,"" highlighting that grappling with challenging questions can lead to significant insights.

Throughout history, philosophy has been instrumental in giving birth to various disciplines. In the sixteenth and seventeenth centuries, it led to the development of the natural sciences. In subsequent centuries, it contributed to the emergence of psychology, sociology, artificial intelligence, and cognitive science. Despite these expansions, core philosophical questions in epistemology, metaphysics, ethics, and other areas remain perennially significant because they are integral to humanity's quest to understand itself and its place in the universe.

In his work, Grayling focuses on the history of philosophy in its contemporary sense, primarily within the Western tradition, while also providing overviews of Indian, Chinese, Arabic-Persian, and African philosophies. He deliberately distinguishes philosophy from theology and religion, choosing not to delve into the theological ideas of figures like Augustine or Aquinas. According to Grayling, philosophy is characterized by its attempt to make sense of the world through questioning and reasoning, without presupposing religious doctrines. Theology, on the other hand, begins with specific religious beliefs about deities and works to interpret and expound upon them. By maintaining this distinction, Grayling aims to present a history of philosophy that remains true to its essence as a discipline grounded in rational inquiry and critical examination of fundamental questions about knowledge, existence, and reality."
summarize_intro,openai,o1-preview,"In the introduction to his ""History of Philosophy,"" A. C. Grayling emphasizes that the history of philosophy, as understood by contemporary students and scholars, is a selective construction drawn from the broader history of ideas to address modern philosophical concerns. He notes that the terms ""philosophy"" and ""philosopher"" have historically held broader meanings; for much of history, ""philosophy"" referred to rational inquiry in general and, from the Renaissance until the nineteenth century, often specifically denoted what we now call ""science."" The term ""scientist"" was only coined in 1833, after which ""philosophy"" and ""science"" began to diverge into their current distinct meanings, with science focusing on specialized, technical investigations, and philosophy concentrating on fundamental questions about knowledge, reality, and existence.

Grayling outlines the principal areas of contemporary philosophy—epistemology, metaphysics, logic, ethics, aesthetics, philosophy of mind, philosophy of language, political philosophy, and the philosophical examination of other fields like science and social science. He underscores that these areas shape our understanding of the history of philosophy by determining which strands of past thought are considered relevant today. For instance, while the history of technology or natural sciences might be significant, they are often excluded from philosophical history because they do not directly address the enduring philosophical questions that occupy current discourse.

Each branch of philosophy is briefly explored: epistemology investigates the nature of knowledge and justified belief; metaphysics delves into the fundamental nature of reality and existence; logic provides the tools for valid reasoning; ethics examines concepts of right and wrong, as well as the distinction between ethics (character) and morals (customs or duties); aesthetics questions the nature of art and beauty; philosophy of mind explores consciousness and mental phenomena; philosophy of language analyzes how meaning is constructed and communicated; and political philosophy contemplates the principles of social organization and governance.

Grayling asserts that a thorough understanding of the history of philosophy is essential, as it allows us to build upon previous insights, avoid past mistakes, and frame pertinent questions for ongoing inquiry. Philosophy, he suggests, is tasked with making sense of areas where uncertainty prevails, standing at the frontier of human understanding to ask the right questions—a process that has historically led to the development of new disciplines like science, psychology, and sociology.

Importantly, Grayling distinguishes philosophy from theology. He argues that while philosophy seeks to understand the world through critical questioning and reasoning, theology starts from religious doctrines and is therefore a different enterprise. Consequently, his history excludes extensive discussion of theological figures and ideas, focusing instead on philosophical thought that aligns with the secular and critical traditions of inquiry. This approach aims to provide a clearer picture of philosophy's evolution, unencumbered by theological considerations, and highlights philosophy's ongoing mission to grapple with profound questions about human existence and the nature of the universe."
summarize_intro,openai,o1-preview,"In the introduction to his ""History of Philosophy,"" A. C. Grayling explores how the history of philosophy is a selective construct shaped by contemporary philosophical concerns. He notes that throughout most of history, the term ""philosophy"" broadly meant rational inquiry into all areas of knowledge. It encompassed what we now separate into distinct fields like science and metaphysics. Only in the 19th century did the word ""scientist"" emerge, redefining ""science"" and allowing ""philosophy"" to focus more narrowly on its current domains.

Grayling outlines the principal areas of modern philosophical inquiry: epistemology, metaphysics, logic, ethics, aesthetics, philosophy of mind, philosophy of language, and political philosophy. These fields guide which historical ideas are deemed relevant to philosophy today, often excluding developments in technology, natural sciences, and social sciences unless they intersect with philosophical questions.

He emphasizes that philosophy seeks to make sense of the world, especially where uncertainty and ignorance persist. Using the metaphor of humanity occupying a patch of light surrounded by darkness, Grayling describes philosophy as patrolling the perimeter, formulating questions that push the boundaries of understanding. This process has historically given rise to new disciplines—science, psychology, sociology—while core philosophical questions about knowledge, existence, and ethics remain ever pertinent.

Grayling also distinguishes philosophy from theology, arguing that while philosophy asks open-ended questions about our existence and reasoning, theology starts from specific religious doctrines about deities. Therefore, his history focuses on philosophical thought rather than theological discourse. Although his work primarily addresses Western philosophy, he acknowledges other rich traditions like Indian, Chinese, and Arabic-Persian philosophies, noting both their contributions and the linguistic barriers that often limit deeper engagement.

Ultimately, Grayling portrays the history of philosophy as an ongoing conversation across time, driven by the pursuit of understanding and the formulation of meaningful questions. Even when answers seem elusive, the very effort illuminates our intellectual journey, reinforcing the significance of philosophy in exploring the human condition."
